<!--
Copyright 2021 Google LLC

Licensed under the Apache License, Version 2.0 (the "License");
you may not use this file except in compliance with the License.
You may obtain a copy of the License at

    https://www.apache.org/licenses/LICENSE-2.0

Unless required by applicable law or agreed to in writing, software
distributed under the License is distributed on an "AS IS" BASIS,
WITHOUT WARRANTIES OR CONDITIONS OF ANY KIND, either express or implied.
See the License for the specific language governing permissions and
limitations under the License.
-->

<ServiceCallout name="SC.CloudLogging">
    <Request>
        <IgnoreUnresolvedVariables>true</IgnoreUnresolvedVariables>
        <Set>
            <Payload contentType="application/json">{
    "logName": "projects/{organization.name}/logs/apigee-runtime",
    "resource" : {
      "type": "api",
      "labels": {}
    },
    "labels": {
        "application": "apigee"
    },
    "entries": [{
        "severity": "INFO",
        "jsonPayload": {
            "organization": "{organization.name}",
            "environment": "{environment.name}",
            "apiProxy": "{apiproxy.name}",
            "apiProxyRevision": "{apiproxy.revision}",
            "apiProduct": "{apiproduct.name}",
            "developerApp": "{apiproduct.name}",
            "clientId": "{client_id}",
            "developerId": "{developer.id}",
            "requestUri": "{request.uri}",
            "requestUrl": "{request.url}",
            "verb": "{request.verb}",
            "correlationId": "{messageid}",
            "proxyRequestReceived": "{client.received.end.timestamp}",
            "proxyResponseSent": "{client.sent.end.timestamp}",
            "targetResponseReceived": "{target.received.end.timestamp}",
            "targetRequestSent": "{target.sent.end.timestamp}",
            "targetResponseCode": "{message.status.code}",
            "proxyResponseCode": "{response.status.code}",
            "clientReceived": "{client.received.start.timestamp}",
            "clientSent": "{client.sent.start.timestamp}",
            "faultName":"{fault.name}"
        }
    }],
    "partialSuccess": true
  }
            </Payload>
            <Verb>POST</Verb>
        </Set>
    </Request>

    <HTTPTargetConnection>
        <Authentication>
            <GoogleAccessToken>
                <Scopes>
                    <Scope>https://www.googleapis.com/auth/logging.write</Scope>
                </Scopes>
                <LifetimeInSeconds>3600</LifetimeInSeconds>
            </GoogleAccessToken>
        </Authentication>
        <URL>https://logging.googleapis.com/v2/entries:write</URL>
    </HTTPTargetConnection>
</ServiceCallout>